2001	конфликт
2002	ну, не совсем
2003	прежде всего
2004	бежать, спасаться
2005	удивлённый
2006	бойфренд
2007	отправлять, подавать
2008	гуглить
2009	ужасно
2010	внимание
2011	исключать
2012	кормление грудью	en:кормление грудью
2013	-
2014	простираться
2015	иметь значение, менять дело
2016	сравнение
2017	видеоклип	ett:видеоклип
2018	каждый (без исключения)
2019	процесс
2020	прокурор
2021	версия
2022	недвижимость
2023	розовый
2024	раз за разом
2025	ещё раз
2026	временный
2027	мёрзнуть, замораживать
2028	женить, выдавать замуж
2029	радио
2030	тем (более)
2031	существенный
2032	доброе утро
2033	продажа
2034	снова
2035	успокаивать
2036	кликать
2037	застревать
2038	страховка
2039	смс
2040	эксперт
2041	дорожка, трасса
2042	немецкий
2043	случаться
2044	король
2045	боже мой!
2046	фальшивый
2047	ставить в приоритет
2048	снова, обратно
2049	рассматривать
2050	ислам
2051	масло (нефть)
2052	знакомый
2053	диск, ломтик
2054	основывать
2055	заманивать
2056	пацан
2057	диагноз
2058	ошибка
2059	постить, отправлять по почте
2060	реакция
2061	переживание, впечатление
2062	ну да
2063	шея, горло
2064	Партия зелёных
2065	подгузник	en:подгузник
2066	тошнота
2067	хотя бы
2068	обычно
2069	подобный
2070	узкий, худой
2071	окно
2072	постепенно
2073	регулировать
2074	немедленно
2075	характер, персонаж
2076	приглашать
2077	пространство
2078	свободно
2079	утверждение
2080	добровольный
2081	инициатива
2082	получать
2083	стыдиться
2084	альянс
2085	бабушка (по маме)
2086	вверх ногами
2087	брюки
2088	-
2089	основной
2090	иной, отличающийся
2091	в зависимости от
2092	кольцо, круг
2093	плотный, густой
2094	инвестиция
2095	поначалу
2096	ничего страшного
2097	дуть
2098	судья
2099	дышать
2100	компетенция
2101	исследователь
2102	русский
2103	деталь
2104	неловкий
2105	-
2106	познакомиться
2107	сообщение
2108	гимназия
2109	решение (решающее)
2110	скрывать
2111	голодный
2112	доступный
2113	оговорка, бронь
2114	подсказывать
2115	кроме
2116	ни капли
2117	сто
2118	приложение (app)	en:приложение (app)
2119	в значительной степени
2120	-
2121	ныть
2122	ставка, вложение
2123	расстояние
2124	резать
2125	писать (мочиться)
2126	ужасно
2127	промышленность
2128	обучать
2129	отношение (аспект)
2130	осторожный
2131	разрешение; каникулы
2132	обдумывать
2133	повторяться, узнаваться
2134	объявлять
2135	сцена
2136	сушить, вытирать
2137	стул
2138	данный
2139	паковать
2140	ошибочный
2141	регистрировать
2142	повторять
2143	охотиться, гнаться
2144	называть
2145	климат
2146	север	norr
2147	оценка, ценность
2148	облегчать
2149	классический
2150	арендовать
2151	закрывать, прекращать
2152	обращать внимание
2153	подряд
2154	стремиться (куда-то)
2155	таким образом
2156	расход
2157	затронутый
2158	отель
2159	очередь
2160	во всяком случае
2161	рост
2162	регулярный
2163	извинять
2164	-
2165	обычно
2166	жрать, есть (разг.)
2167	прежде всего
2168	-
2169	впечатлять
2170	музей
2171	вероятно
2172	беречь, пользоваться	att ta vara på
2173	девушка (подруга)
2174	гореть
2175	радость
2176	убивать
2177	уместный
2178	медленный
2179	убеждённый
2180	рутина
2181	лодка
2182	критиковать
2183	исходная точка
2184	указывать на
2185	в особенности
2186	здание
2187	операция
2188	польза
2189	раскрывать
2190	расслабляться
2191	мужской
2192	запрет
2193	гибкий, удобный
2194	восток	öster
2195	приспосабливаться
2196	жидкая каша	en:жидкая каша
2197	симптом
2198	наряду с
2199	ответственный
2200	поднимать, вытаскивать
2201	вероятный
2202	толкать, натыкаться
2203	сделанный
2204	блевать
2205	доставлять
2206	борьба
2207	могила
2208	долгосрочный
2209	заново
2210	отсюда (следует)
2211	кризис
2212	честно говоря
2213	заявка, заявление
2214	возможно
2215	безработица
2216	невеста; девчонка (разг.)
2217	определённо
2218	цифровой
2219	финал
2220	файл; полоса
2221	доедать
2222	сводить, собирать
2223	отвратительный
2224	проклинать
2225	публика
2226	пресса, давление
2227	раунд
2228	бюджетный год
2229	душа
2230	купаться
2231	религиозный
2232	составлять (о сумме)
2233	замышлять
2234	яд
2235	отдел
2236	стабильный
2237	насиловать
2238	официальный
2239	снова и снова
2240	бодрый
2241	по большей части
2242	получаться, удаваться
2243	тянуться, страдать (от)
2244	течь
2245	входить (в систему)
2246	почти
2247	камень
2248	финансировать
2249	фрукт
2250	преступный
2251	перспектива, видимость
2252	раскаиваться
2253	конкретный
2254	ли (союз)
2255	связывать
2256	слишком поздно
2257	проверка
2258	торговля
2259	ресторан
2260	курс лечения	en:курс лечения
2261	из которых
2262	кататься на велосипеде
2263	мягкий
2264	специфический
2265	продолжать, наезжать
2266	вскакивать, подменять
2267	вписываться
2268	комиссия (совет)
2269	со временем
2270	сам собой
2271	прятать
2272	дерево (материал)
2273	сервис
2274	акушерка
2275	военный
2276	слава богу
2277	расчёт
2278	давать больничный
2279	оставаться
2280	ожидать
2281	сектор
2282	определение
2283	свойство
2284	полугодие
2285	в рамках
2286	определённый, решительный
2287	пожар
2288	тупой
2289	жёлтый
2290	районный суд
2291	таблетка
2292	ждать ребёнка
2293	немедленный
2294	сахар
2295	государство-член
2296	на сегодняшний день
2297	и другие
2298	туда-сюда
2299	кровотечение
2300	шутка
2301	в долгосрочной перспективе
2302	заражать
2303	-
2304	проходить мимо
2305	ноль	en:ноль
2306	уходить; умирать
2307	печь (выпекать)
2308	ступать
2309	касательно
2310	неизвестный
2311	профессия
2312	в конечном итоге
2313	пользователь
2314	-
2315	безопасность, защищённость
2316	постоянный
2317	внешность
2318	индивидуальный
2319	пока не, только когда
2320	в любой момент
2321	всю дорогу
2322	дно
2323	министр
2324	колено
2325	канал
2326	в дальнейшем
2327	правый
2328	основывать
2329	назначать
2330	различные
2331	глобальный
2332	светить
2333	жильё, проживание
2334	кто знает
2335	-
2336	предоставлять (одобрять)
2337	адрес
2338	дольше всего, дальше всего
2339	злой
2340	острый, срочный
2341	писатель
2342	применение
2343	в связи с, рядом с
2344	холмистый
2345	прошлым летом
2346	занимать
2347	выдвигать, подчёркивать
2348	ну, эх
2349	-
2350	ложь
2351	лёд
2352	запад	väster
2353	рвать, сносить
2354	предписывать
2355	комбинация
2356	смешной, нелепый
2357	сомнительный
2358	выбивать, распускаться
2359	разделять
2360	экономика (бизнес)
2361	рассчитанный
2362	описание
2363	чрезвычайно
2364	занимать место
2365	впускать
2366	оскорблять
2367	кабак, трактир
2368	-
2369	научный
2370	глава
2371	оформлять, разрабатывать
2372	северо-запад	nordväst
2373	банка
2374	параграф
2375	основа, материал
2376	паника
2377	вариант
2378	трудность
2379	-
2380	машина (механизм)
2381	вставать
2382	норвежский
2383	уважать
2384	датский
2385	записываться
2386	клип, вырезка
2387	поколение
2388	звезда
2389	чувак
2390	ползти
2391	нос
2392	способствовать
2393	направленность
2394	жестоко; круто (разг.)
2395	вести себя хорошо
2396	в ожидании
2397	автоматический
2398	-
2399	медицинский
2400	красть
2401	аптека
2402	пьянствовать
2403	подарок
2404	представляться, выглядеть
2405	доверие
2406	единица, блок
2407	плечо, ось
2408	значительный
2409	жёсткий, вязкий, медлительный
2410	соска	en:соска
2411	рабочее место
2412	центр
2413	плохо
2414	отделаться, избежать
2415	малонаселённый
2416	ленивый
2417	овуляция	en:овуляция
2418	тратить
2419	ровный, чётный
2420	фаза
2421	в прошлую субботу
2422	электронное письмо	ett:электронное письмо
2423	база, бас
2424	ненависть
2425	исторический
2426	как следует
2427	бежать, проходить
2428	проверять, рецензировать
2429	в дальнейшем
2430	английский язык
2431	категория
2432	водительские права
2433	привыкший
2434	рассмотрение, испытание
2435	платье
2436	признавать
2437	картофель
2438	фонд
2439	просыпаться
2440	начинать
2441	чёрт, сволочь
2442	общий (суммарный)
2443	транспортное средство
2444	забег
2445	юридический
2446	кожа
2447	раз в неделю
2448	плевать на	att strunta i
2449	препятствие
2450	-
2451	прекращаться
2452	рассуждение
2453	неприятный
2454	девять
2455	поверхность, площадь
2456	подобно
2457	во-вторых
2458	каша
2459	орган
2460	приличный
2461	в прошлый понедельник
2462	заключение, отзыв
2463	популярный
2464	полезный
2465	лопаться, не хватать
2466	цель, назначение
2467	драться
2468	предмет
2469	отказываться (вежливо)
2470	темп, такт
2471	западный
2472	господин
2473	разбираться
2474	таким образом
2475	страх
2476	незаконный
2477	пенсия
2478	снимать
2479	пакет
2480	рано или поздно
2481	взгляд
2482	шагать, залезать
2483	ввязываться
2484	рождественский подарок
2485	крайне
2486	оставаться
2487	завязывать
2488	критический
2489	мужик
2490	обучение
2491	ронять, валить
2492	неотложный, заинтересованный
2493	замешанный
2494	английский
2495	бесполезный
2496	-
2497	недостаток
2498	демократический
2499	каннабис	en:каннабис
2500	в меру, как раз
